Manufacturer,Real Model Name,Original Model Name,Type
Acer,Nitro AN517-54,NITRO AN517-54,Laptop
Beelink,SER,SER,Desktop
Canon,EOS1200,EOS1200,Camera
Dell,Latitude 5480,LATITUDE 5480,Laptop
Dell,Latitude E5470,LATITUDE E5470,Laptop
Dell,Latitude E6440,LATITUDE E6440,Laptop
Dell,OptiPlex 3040,OPTIPLEX 3040,Desktop
Dell,OptiPlex 3050,OPTIPLEX 3050,Desktop
Dell,OptiPlex 5040,OPTIPLEX 5040,Desktop
Dell,OptiPlex 7020,OPTIPLEX 7020,Desktop
Dell,Precision Tower 5810,PRECISION TOWER 5810,Workstation
HP,Laptop 15-ef0,HP LAPTOP 15-EF0,Laptop
HP,ProDesk 600 G1 SFF,HP PRODESK 600 G1 SFF,Desktop
HP,ProDesk 600 G2 SFF,HP PRODESK 600 G2 SFF,Desktop
HP,ProDesk 600 G3 DM,HP PRODESK 600 G3 DM,Desktop
HP,ProDesk 600 G4 DM,HP PRODESK 600 G4 DM,Desktop
HP,ProDesk 600 G4 DM (TAA),HP PRODESK 600 G4 DM (TAA),Desktop
HP,ProDesk 600 G5 Desktop Mini,HP PRODESK 600 G5 DESKTOP MINI,Desktop
HP,Z2 Mini G4 Workstation,HP Z2 MINI G4 WORKSTATION,Workstation
HP,Z2 SFF G9 Workstation,HP Z2 SFF G9 WORKSTATION DESKTOP PC,Workstation
HP,Z6 G4 Workstation,HP Z6 G4 WORKSTATION,Workstation
HP,ZBook 17 G3,HP ZBOOK 17 G3,Laptop
Lenovo,IdeaPad 3 15ITL6,82H8,Laptop
Lenovo,M70q Gen 1,11DUS32D02,Desktop
Lenovo,M70q Gen 1,11DUSGQ000,Desktop
Lenovo,M70q Gen 2,11MY001YUS,Desktop
Lenovo,M70q Gen 2,11N0S0W801,Desktop
Lenovo,M70q Gen 2,11N4S02500,Desktop
Lenovo,M70q Gen 3,11T30080US,Desktop
Lenovo,M70q Gen 3,11T300C0US,Desktop
Lenovo,M70q Gen 3,11T4S3WS00,Desktop
Lenovo,M70q Gen 3,11T4SEY500,Desktop
Lenovo,M70q Gen 3,11USS12T00,Desktop
Lenovo,M70q Gen 4,12E40010BO,Desktop
Lenovo,M70q Gen 4,12E4SB6J00,Desktop
Lenovo,M70q Gen 5,12TE000JBO,Desktop
Lenovo,M70q Gen 5,12TES1YP00,Desktop
Lenovo,M70q Gen 5,12TES1YP03,Desktop
Lenovo,M70q Gen 5,12TES6AT00,Desktop
Lenovo,M70q Gen 5,13E20008BO,Desktop
Lenovo,M70t Gen 1,11D9S0TF01,Desktop
Lenovo,M70t Gen 1,11EUS10T01,Desktop
Lenovo,M70t Gen 3,11T5S23B00,Desktop
Lenovo,M70t Gen 5,12U5S18N00,Desktop
Lenovo,M720,M720,Desktop
Lenovo,M720q,10T80031BP,Desktop
Lenovo,M720q,10T8A02PBP,Desktop
Lenovo,M720q,10T8S2HJ0C,Desktop
Lenovo,M720q,10T8S4SY00,Desktop
Lenovo,M720q,10T8SC8300,Desktop
Lenovo,M720t,10SRS2XE0A,Desktop
Lenovo,P1 Gen 3,20TJS32U02,Laptop
Lenovo,P14s Gen 4,21HGS08A00,Laptop
Lenovo,P15 Gen 1,20SUS0GY02,Laptop
Lenovo,P15 Gen 2,20YQ0031US,Laptop
Lenovo,P15 Gen 2,20YRA0ABCD,Laptop
Lenovo,P15 Gen 2,20YRS3G800,Laptop
Lenovo,P15s Gen 2,20W600EJUS,Laptop
Lenovo,P15v Gen 1,20TRS1K100,Laptop
Lenovo,P15v Gen 2,21AAS05L00,Laptop
Lenovo,P15v Gen 3,21D8S05G00,Laptop
Lenovo,P15v Gen 3,21D9S4MJ00,Laptop
Lenovo,P15v Gen 3,21D9S4MU00,Laptop
Lenovo,P16 Gen 1,21D7S3NP00,Laptop
Lenovo,P16 Gen 2,21FA002BUS,Laptop
Lenovo,P16 Gen 2,21FAS0ST00,Laptop
Lenovo,P16 Gen 2,21FBS08Q00,Laptop
Lenovo,P16 Gen 2,21FBS41W00,Laptop
Lenovo,P16 Gen 2,21FBSJRV00,Laptop
Lenovo,P16 Gen 3,21RQ001SUS,Laptop
Lenovo,P16 Gen 3,21RRS0N800,Laptop
Lenovo,P16 Gen 3,21RRS39C00,Laptop
Lenovo,P16s Gen 5,21XE003DUS,Laptop
Lenovo,P16s Gen 5,21XFS1XB00,Laptop
Lenovo,P16v Gen 1,21FC003FUS,Laptop
Lenovo,P16v Gen 2,21KXS05X00,Laptop
Lenovo,P16v Gen 2,21KXS08100,Laptop
Lenovo,P16v Gen 2,21KYS0CC00,Laptop
Lenovo,P16v Gen 2,21KYS81000,Laptop
Lenovo,P16v Gen 2,21KYS9C500,Laptop
Lenovo,P16v Gen 3,21RS001XUS,Laptop
Lenovo,P16v Gen 3,21RSS0V400,Laptop
Lenovo,P16v Gen 3,21RTS1MX00,Laptop
Lenovo,P17 Gen 1,20SQS07702,Laptop
Lenovo,P17 Gen 2,20YU001KUS,Laptop
Lenovo,P17 Gen 2,20YU001NUS,Laptop
Lenovo,P17 Gen 2,20YU001SUS,Laptop
Lenovo,P17 Gen 2,20YVS12C00,Laptop
Lenovo,P17 Gen 2,20YVS2RL00,Laptop
Lenovo,P17 Gen 2,20YVS2RLUS,Laptop
Lenovo,P17 Gen 2,20YVS3KD00,Laptop
Lenovo,P52,20MAS2CB0C,Laptop
Lenovo,P53,20QQS0RN03,Laptop
Lenovo,P73,20QSS05203,Laptop
Lenovo,T14 Gen 1,20S1SACB00,Laptop
Lenovo,T14 Gen 2,20W0003MUS,Laptop
Lenovo,T14 Gen 2,20W000SUUS,Laptop
Lenovo,T14 Gen 2,20W000T8US,Laptop
Lenovo,T14 Gen 2,20W1008VBO,Laptop
Lenovo,T14 Gen 2,20W1S13906,Laptop
Lenovo,T14 Gen 2,20W1S4P800,Laptop
Lenovo,T14 Gen 2,20W1SAWT00,Laptop
Lenovo,T14 Gen 2,20W1SBG100,Laptop
Lenovo,T14 Gen 2,20W1SC5300,Laptop
Lenovo,T14 Gen 2,20W1SGYC00,Laptop
Lenovo,T14 Gen 3,21AJS2JM00,Laptop
Lenovo,T14 Gen 3,21AJS2JM02,Laptop
Lenovo,T14 Gen 3,21AJS2JMUS,Laptop
Lenovo,T14 Gen 3,21AJS8UW00,Laptop
Lenovo,T14 Gen 4,21HES7KR00,Laptop
Lenovo,T14 Gen 4,21HES7KRUS,Laptop
Lenovo,T14 Gen 5,21MLS04400,Laptop
Lenovo,T14 Gen 5,21MM0008BO,Laptop
Lenovo,T14 Gen 5,21MMS78D00,Laptop
Lenovo,T14 Gen 5,21MMS78D03,Laptop
Lenovo,T14 Gen 6,21QC001YUS,Laptop
Lenovo,T14 Gen 6,21QCS07D00,Laptop
Lenovo,T14 Gen 6,21QD000TLM,Laptop
Lenovo,T14 Gen 6,21QDS5X400,Laptop
Lenovo,T15 Gen 1,20S7S2ET02,Laptop
Lenovo,T15 Gen 2,20W5S0H301,Laptop
Lenovo,T15 Gen 2,20W5S5H200,Laptop
Lenovo,T16 Gen 1,21BV0090US,Laptop
Lenovo,T16 Gen 1,21BV0097US,Laptop
Lenovo,T16 Gen 1,21BWS1K500,Laptop
Lenovo,T16 Gen 2,21HJS32K00,Laptop
Lenovo,T16 Gen 3,21MQS8GL00,Laptop
Lenovo,T16 Gen 4,21QE001WUS,Laptop
Lenovo,T16 Gen 4,21QFS2F300,Laptop
Lenovo,T16 Gen 4,21QFS2F302,Laptop
Lenovo,T480,20L6S0T300,Laptop
Lenovo,T480,20L6S0T303,Laptop
Lenovo,T480,20L6S0V400,Laptop
Lenovo,T480,20L6SCWJ00,Laptop
Lenovo,T490,20N30027BR,Laptop
Lenovo,T580,20LAS6RC0C,Laptop
Lenovo,T590,20N5S2PP00,Laptop
Lenovo,ThinkStation P3 Tower,30GSS2QK00,Workstation
Lenovo,ThinkStation P3 Tower,30GUSGAF00,Workstation
Lenovo,ThinkStation P3 Tower,30GUSTU900,Workstation
Lenovo,ThinkStation P5,30G9S1LL02,Workstation
Lenovo,ThinkStation P520,30BFS0QK00,Workstation
Lenovo,ThinkStation P520,30BFS0QK02,Workstation
Lenovo,ThinkStation P520,30BFS0QK09,Workstation
Lenovo,ThinkStation P520,30BFSELN00,Workstation
Lenovo,ThinkStation P520,30BFSFYU01,Workstation
Lenovo,ThinkStation P520,30BFSJ3V00,Workstation
Lenovo,ThinkStation P520,30BFSJY900,Workstation
Lenovo,X1 2-in-1 Gen 10,21NU0035US,Laptop
Lenovo,X1 2-in-1 Gen 11,21V9001CUS,Laptop
Lenovo,X1 Carbon Gen 11,21HNS19400,Laptop
Lenovo,X1 Carbon Gen 13,21NSCTO1WW,Laptop
Lenovo,X1 Carbon Gen 6,20KGS0N600,Laptop
Lenovo,X1 Carbon Gen 6,20KGS0N605,Laptop
Lenovo,X1 Carbon Gen 9,20XXS0C100,Laptop
Lenovo,X1 Yoga Gen 6,20Y0S0JV01,Laptop
Lenovo,X1 Yoga Gen 7,21CES42R00,Laptop
Lenovo,X1 Yoga Gen 8,21HRS6T100,Laptop
Lenovo,X12 Detachable Gen 2,21LK002WUS,Tablet
Lenovo,X12 Detachable Gen 2,21LK0035US,Tablet
Lenovo,X12 Detachable Gen 2,21LLS1WY00,Tablet
Lenovo,X12 Detachable Gen 2,21LLS76G00,Tablet
Microsoft,HoloLens 2,HOLOLENS 2,Mixed Reality
Microsoft,Surface Go,SURFACE GO,Tablet
Microsoft,Surface Go 2,SURFACE GO 2,Tablet
Microsoft,Surface Go 3,SURFACE GO 3,Tablet
Microsoft,Surface Go 4,SURFACE GO 4,Tablet
Microsoft,Surface Pro,SURFACE PRO,Tablet
Microsoft,Surface Pro 10 for Business,SURFACE PRO 10 FOR BUSINESS,Tablet
Microsoft,Surface Pro 4,SURFACE PRO 4,Tablet
Microsoft,Surface Pro 6,SURFACE PRO 6,Tablet
Microsoft,Surface Pro 7,SURFACE PRO 7,Tablet
Microsoft,Surface Pro 7+,SURFACE PRO 7+,Tablet
Microsoft,Surface Pro 8,SURFACE PRO 8,Tablet
Microsoft,Surface Pro 9,SURFACE PRO 9,Tablet
Microsoft,Surface Pro for Business 11th Edition with Intel,SURFACE PRO FOR BUSINESS 11TH EDITION WITH INTEL,Tablet
Microsoft,Surface Pro for Business 12in 1st Edition with Snapdragon,SURFACE PRO FOR BUSINESS 12IN 1ST ED WITH SNAPDRAGON,Tablet
Other,10-WLAN-1,10-WLAN-1,Other
Other,10B-WIG-1,10B-WIG-1,Other
Other,EQ,EQ,Other
Panasonic,FZ55-1,FZ55-1,Laptop
Virtual,VMware-QEMU Virtual Machine,"STANDARD PC (I440FX + PIIX, 1996)",Virtual Machine
Virtual,VMware-QEMU Virtual Machine,"STANDARD PC (Q35 + ICH9, 2009)",Virtual Machine
Virtual,VMware-QEMU Virtual Machine,VIRTUAL MACHINE,Virtual Machine
Virtual,VMware-QEMU Virtual Machine,"VMWARE20,1",Virtual Machine
Virtual,VMware-QEMU Virtual Machine,"VMWARE7,1",Virtual Machine
Zebra,ET60W,ET60W,Tablet
Zebra,ET65W,ET65W,Tablet
,,,
